{
    "train": {
        "loss": 0.39498208463191986,
        "acc": 0.9024096727371216
    },
    "validation": {
        "loss": 0.02471865036270835,
        "acc": 0.44619602467443453
    }
}