{
    "train": {
        "loss": 0.2508331537246704,
        "acc": 0.9386236667633057
    },
    "validation": {
        "loss": 0.0255102844877616,
        "acc": 0.4438573315719947
    }
}