{
    "train": {
        "loss": 0.5721424221992493,
        "acc": 0.8650345206260681
    },
    "validation": {
        "loss": 0.02308617177463713,
        "acc": 0.45080763582966227
    }
}