{
    "train": {
        "loss": 0.3916807323694229,
        "acc": 0.9144970178604126
    },
    "validation": {
        "loss": 0.02365799383683638,
        "acc": 0.4368457780879274
    }
}