{
    "train": {
        "loss": 0.4356123059988022,
        "acc": 0.8959009051322937
    },
    "validation": {
        "loss": 0.022014552149279363,
        "acc": 0.46628814762242726
    }
}