{
    "train": {
        "loss": 0.5712257623672485,
        "acc": 0.8650891184806824
    },
    "validation": {
        "loss": 0.02518482550889432,
        "acc": 0.39816933638443935
    }
}