{
    "train": {
        "loss": 0.5077862441539764,
        "acc": 0.8759351968765259
    },
    "validation": {
        "loss": 0.025132753128229185,
        "acc": 0.424713031735314
    }
}