{
    "train": {
        "loss": 0.355487197637558,
        "acc": 0.9098015427589417
    },
    "validation": {
        "loss": 0.02329465663632867,
        "acc": 0.4556878306878307
    }
}