{
    "train": {
        "loss": 0.37715692818164825,
        "acc": 0.9164939522743225
    },
    "validation": {
        "loss": 0.023617687550458042,
        "acc": 0.45143638850889195
    }
}